b'csp'| 0.034707309007007095
b'sto'| 0.031060526538879533
b'iv'| 0.03001007236867981
b'ccs'| 0.027036490711980162
b'csps'| 0.022635201526308973
b'theta'| 0.020302466350289473
b'thetagang'| 0.020120179134496867
b'cc'| 0.015605237631713505
b'assigned'| 0.014404834736966311
b'weeklies'| 0.014084125394147804
b'delta'| 0.013935111865108716
b'spreads'| 0.013935111865108716
b'dte'| 0.01119184964356388
b'vega'| 0.009431333969295404
b'weekly'| 0.009290074576739141
b'decay'| 0.008299573892979957
b'strikes'| 0.00808967168199195
b'5p'| 0.0077965694146175345
b'wheeling'| 0.007545067175436324
b'extrinsic'| 0.006790560457892691
b'pmcc'| 0.006539058218711481
b'crsr'| 0.006413307099120876
b'wheel'| 0.006367354485180761
b'btc'| 0.005793248752910364
b'sq'| 0.005533049261986637
b'vix'| 0.005062568730020769
b'strangle'| 0.005030044783624217
b'secured'| 0.00495818586960797
b'tqqq'| 0.00490429366403361
b'qqq'| 0.0044012891856711886
b'exp'| 0.0042755380660805834
b'demo'| 0.0042755380660805834
b'debit'| 0.003914357265479976
b'defined'| 0.0038982847073087672
b'breakeven'| 0.003772533587718162
b'30p'| 0.003772533587718162
b'50p'| 0.003521031348536951
b'consistent'| 0.003521031348536951
b'greeks'| 0.003521031348536951
b'probability'| 0.003521031348536951
b'leap'| 0.0032880601030031795
b'rkt'| 0.0032880601030031795
b'dkng'| 0.0032695291093557404
b'20p'| 0.003143777989765135
b'spacs'| 0.003143777989765135
b'msft'| 0.0031314858123839802
b'deltas'| 0.0027665246309933186
b'monthlies'| 0.0027665246309933186
b'nflx'| 0.0027665246309933186
b'60c'| 0.0027665246309933186